{"sq norm of generated latent by T0(x)": 364.2654724121094, "sq norm: T0(x) -> sphere proj": 511.99993896484375, "cost of the 0 barycenter": 592.7784423828125, "potential of the 0 barycenter": -0.012951787561178207, "loss of the 0 barycenter": 592.7913208007812, "sq norm of generated latent by T1(x)": 348.0621337890625, "sq norm: T1(x) -> sphere proj": 511.99993896484375, "cost of the 1 barycenter": 969.3071899414062, "potential of the 1 barycenter": 0.00427886750549078, "loss of the 1 barycenter": 969.3029174804688, "sq norm of generated latent by T2(x)": 273.9387512207031, "sq norm: T2(x) -> sphere proj": 511.99993896484375, "cost of the 2 barycenter": 769.7218017578125, "potential of the 2 barycenter": 0.0008908308809623122, "loss of the 2 barycenter": 769.720947265625, "loss of inner problem": 825.279541015625, "Barycenter Images unfixed of distributions": {"_type": "image-file", "path": "media/images/Barycenter Images unfixed of distributions_0_9f67e72efcea1d56fd1f.png", "sha256": "9f67e72efcea1d56fd1fbb5cc813f1105baeae30b47708247d1cdba9a14d052c", "size": 2556956, "format": "png", "width": 1600, "height": 1200}, "_runtime": 130, "_timestamp": 1708272699, "_step": 0}