{"Loss": -0.22682161629199982, "L2_UVP": 0.060812238370999694, "_runtime": 154, "_timestamp": 1709649202, "_step": 199}