{"cost of the 0 barycenter": 1166.9700927734375, "potential of the 0 barycenter": -0.14910587668418884, "loss of the 0 barycenter": 1167.119140625, "cost of the 1 barycenter": 1409.0841064453125, "potential of the 1 barycenter": -0.14221839606761932, "loss of the 1 barycenter": 1409.226318359375, "cost of the 2 barycenter": 508.9664611816406, "potential of the 2 barycenter": 0.6284105181694031, "loss of the 2 barycenter": 508.3380432128906, "loss of inner problem": 1123.4774169921875, "Barycenter Images unfixed of distributions": {"_type": "image-file", "path": "media/images/Barycenter Images unfixed of distributions_0_900d701cdf3288dfac07.png", "sha256": "900d701cdf3288dfac071c76ff737748b3daf4969834117409d5e91357cdfd45", "size": 1756987, "format": "png", "width": 1600, "height": 1200}, "_runtime": 119, "_timestamp": 1707923945, "_step": 0}