{"Loss": -0.2018253207206726, "L2_UVP": 0.060812238370999694, "_runtime": 46, "_timestamp": 1709648930, "_step": 198}