{"cost of the 0 barycenter": 142.60533142089844, "potential of the 0 barycenter": 326.99749755859375, "loss of the 0 barycenter": -184.39215087890625, "cost of the 1 barycenter": 32.6798095703125, "potential of the 1 barycenter": 22.244869232177734, "loss of the 1 barycenter": 10.434938430786133, "cost of the 2 barycenter": 43.02124786376953, "potential of the 2 barycenter": -419.27825927734375, "loss of the 2 barycenter": 462.29949951171875, "loss of inner problem": 74.69430541992188, "Barycenter Images unfixed of distributions": {"_type": "image-file", "path": "media/images/Barycenter Images unfixed of distributions_0_c1adc4e7d7c825c9637a.png", "sha256": "c1adc4e7d7c825c9637a440892bb30dd0cd6a06e62a468ae6c368281c8d8435a", "size": 1481518, "format": "png", "width": 1600, "height": 1200}, "_runtime": 580, "_timestamp": 1707926136, "_step": 98}