{"cost of the 0 barycenter": 603.0436401367188, "potential of the 0 barycenter": 0.005086221732199192, "loss of the 0 barycenter": 603.0385131835938, "cost of the 1 barycenter": 1980.010986328125, "potential of the 1 barycenter": -0.002721193013712764, "loss of the 1 barycenter": 1980.0137939453125, "cost of the 2 barycenter": 2087.460205078125, "potential of the 2 barycenter": 0.0021676926407963037, "loss of the 2 barycenter": 2087.4580078125, "loss of inner problem": 1662.6309814453125, "Barycenter Images unfixed of distributions": {"_type": "image-file", "path": "media/images/Barycenter Images unfixed of distributions_0_50869bcdac1d6f369879.png", "sha256": "50869bcdac1d6f369879ed47f3b519bd3c9c43eb5c561d47d7598014ea346654", "size": 1454737, "format": "png", "width": 1600, "height": 1200}, "_runtime": 144, "_timestamp": 1707925484, "_step": 0}