{"sq norm of generated latent by T0(x)": 332.6075439453125, "sq norm: T0(x) -> sphere proj": 511.99993896484375, "cost of the 0 barycenter": 568.486328125, "potential of the 0 barycenter": 0.007335276808589697, "loss of the 0 barycenter": 568.47900390625, "sq norm of generated latent by T1(x)": 412.53546142578125, "sq norm: T1(x) -> sphere proj": 511.99993896484375, "cost of the 1 barycenter": 532.6168212890625, "potential of the 1 barycenter": -0.00937613844871521, "loss of the 1 barycenter": 532.6261596679688, "sq norm of generated latent by T2(x)": 400.3526611328125, "sq norm: T2(x) -> sphere proj": 511.99993896484375, "cost of the 2 barycenter": 670.46142578125, "potential of the 2 barycenter": 0.010512229055166245, "loss of the 2 barycenter": 670.450927734375, "loss of inner problem": 576.0455322265625, "Barycenter Images unfixed of distributions": {"_type": "image-file", "path": "media/images/Barycenter Images unfixed of distributions_0_9988d0b47ce2d92d2465.png", "sha256": "9988d0b47ce2d92d2465b42a6a170191659649ec28a2b1855a3e813028004084", "size": 2477796, "format": "png", "width": 1600, "height": 1200}, "_runtime": 634, "_timestamp": 1708274338, "_step": 0}