{"mu:sq norm of mean generated latent by T0(x)": 49.836326599121094, "sigma:sq norm of mean generated latent by T0(x)": 479.9061279296875, "sq norm of generated latent by T0(x)": 527.17529296875, "cost of the 0 barycenter": 37.507850646972656, "potential of the 0 barycenter": 0.0011147498153150082, "KL div of distribution 0": 35.24858856201172, "loss of the 0 barycenter": 20.515798568725586, "mu:sq norm of mean generated latent by T1(x)": 1.2073442935943604, "sigma:sq norm of mean generated latent by T1(x)": 515.5828247070312, "sq norm of generated latent by T1(x)": 516.0568237304688, "cost of the 1 barycenter": 51.772796630859375, "potential of the 1 barycenter": -0.0033491812646389008, "KL div of distribution 1": 1.68052077293396, "loss of the 1 barycenter": 25.97209930419922, "loss of inner problem": 46.48789978027344, "Barycenter Images 0 unfixed of distributions": {"_type": "image-file", "path": "media/images/Barycenter Images 0 unfixed of distributions_0_25d28bbc9422d752b0d0.png", "sha256": "25d28bbc9422d752b0d04dd7a09bc4b41fd0ff380ea076ed52a2e88b3c9e7340", "size": 120306, "format": "png", "width": 1600, "height": 1400}, "Barycenter Images 1 unfixed of distributions": {"_type": "image-file", "path": "media/images/Barycenter Images 1 unfixed of distributions_0_8848a0918bd1b45a20e3.png", "sha256": "8848a0918bd1b45a20e3d5606cae93576cb36ddcd7db1c05f5a1f7900fb64f02", "size": 119209, "format": "png", "width": 1600, "height": 1400}, "_runtime": 137, "_timestamp": 1708276946, "_step": 0}