{"cost of the 0 barycenter": 661.3485107421875, "potential of the 0 barycenter": 0.008278574794530869, "loss of the 0 barycenter": 661.34033203125, "cost of the 1 barycenter": 510.4475402832031, "potential of the 1 barycenter": -0.003215073375031352, "loss of the 1 barycenter": 510.45074462890625, "cost of the 2 barycenter": 1889.6865234375, "potential of the 2 barycenter": -0.011427242308855057, "loss of the 2 barycenter": 1889.697998046875, "loss of inner problem": 892.9849853515625, "Barycenter Images unfixed of distributions": {"_type": "image-file", "path": "media/images/Barycenter Images unfixed of distributions_0_23f6ac9f8a5c79e9b805.png", "sha256": "23f6ac9f8a5c79e9b805fb4eba688e721212e63bec38f9fe1086ac7546864705", "size": 1620376, "format": "png", "width": 1600, "height": 1200}, "_runtime": 329, "_timestamp": 1707924280, "_step": 0}