{"sq norm of generated latent by T0(x)": 1613.1080322265625, "mu: sq norm of generated latent by T0(x)": 480.165771484375, "sigma: sq norm of generated latent by T0(x)": 1128.12158203125, "cost of the 0 barycenter": 550.29833984375, "potential of the 0 barycenter": 0.00513141555711627, "mmd_2 of the 0 barycenter": 0.17938311398029327, "mmd_1 of the 0 barycenter": -0.0898226723074913, "mmd_3 of the 0 barycenter": -0.06263341009616852, "mmd_sq of the 0 barycenter": 0.026927031576633453, "loss of the 0 barycenter": 137.573974609375, "sq norm of generated latent by T1(x)": 13742.1318359375, "mu: sq norm of generated latent by T1(x)": 416.5919494628906, "sigma: sq norm of generated latent by T1(x)": 16598.724609375, "cost of the 1 barycenter": 542.513671875, "potential of the 1 barycenter": -0.002921303501352668, "mmd_2 of the 1 barycenter": 0.4185943007469177, "mmd_1 of the 1 barycenter": -0.2664412558078766, "mmd_3 of the 1 barycenter": -0.062057048082351685, "mmd_sq of the 1 barycenter": 0.09009599685668945, "loss of the 1 barycenter": 271.2628173828125, "sq norm of generated latent by T2(x)": 9978.6875, "mu: sq norm of generated latent by T2(x)": 499.6686096191406, "sigma: sq norm of generated latent by T2(x)": 9322.70703125, "cost of the 2 barycenter": 879.7051391601562, "potential of the 2 barycenter": -0.0008260099566541612, "mmd_2 of the 2 barycenter": 0.3752804100513458, "mmd_1 of the 2 barycenter": -0.2391470968723297, "mmd_3 of the 2 barycenter": -0.06241162493824959, "mmd_sq of the 2 barycenter": 0.07372169196605682, "loss of the 2 barycenter": 219.9283447265625, "loss of inner problem": 628.76513671875, "Images": {"_type": "image-file", "path": "media/images/Images_0_cf99d4f6a74649f2cec6.png", "sha256": "cf99d4f6a74649f2cec6e1495e68e48b192c2626ccd93c0365a6c3aa552c63dd", "size": 3610440, "format": "png", "width": 1600, "height": 1800}, "_runtime": 336, "_timestamp": 1708278061, "_step": 0}