{"cost of the 0 barycenter": 790.2101440429688, "potential of the 0 barycenter": 0.00946790724992752, "loss of the 0 barycenter": 790.20068359375, "cost of the 1 barycenter": 1524.0958251953125, "potential of the 1 barycenter": -0.010070649906992912, "loss of the 1 barycenter": 1524.10595703125, "cost of the 2 barycenter": 775.17138671875, "potential of the 2 barycenter": 0.020004753023386, "loss of the 2 barycenter": 775.1513061523438, "loss of inner problem": 1153.3909912109375, "Barycenter Images unfixed of distributions": {"_type": "image-file", "path": "media/images/Barycenter Images unfixed of distributions_0_8eaefa0ae1a377c93c96.png", "sha256": "8eaefa0ae1a377c93c969d8e9be6391a4fca3d32abae8fbdecf5c506670e1728", "size": 1479902, "format": "png", "width": 1600, "height": 1200}, "_runtime": 379, "_timestamp": 1707925226, "_step": 0}