{"sq norm of generated latent by T0(x)": 1081.588623046875, "cost of the 0 barycenter": 497.290283203125, "potential of the 0 barycenter": 0.013645869679749012, "mmd_2 of the 0 barycenter": 0.1567547619342804, "mmd_1 of the 0 barycenter": -9.492206299910322e-05, "mmd_3 of the 0 barycenter": -0.06251278519630432, "mmd_sq of the 0 barycenter": 0.09414705634117126, "loss of the 0 barycenter": 124.32151794433594, "sq norm of generated latent by T1(x)": 1021.3232421875, "cost of the 1 barycenter": 526.249267578125, "potential of the 1 barycenter": -0.009874326176941395, "mmd_2 of the 1 barycenter": 0.15192225575447083, "mmd_1 of the 1 barycenter": -8.873835031408817e-05, "mmd_3 of the 1 barycenter": -0.06225188821554184, "mmd_sq of the 1 barycenter": 0.08958163112401962, "loss of the 1 barycenter": 263.1340637207031, "sq norm of generated latent by T2(x)": 755.631591796875, "cost of the 2 barycenter": 698.7875366210938, "potential of the 2 barycenter": 0.005381392315030098, "mmd_2 of the 2 barycenter": 0.1394653469324112, "mmd_1 of the 2 barycenter": -0.00011638384603429586, "mmd_3 of the 2 barycenter": -0.06251794844865799, "mmd_sq of the 2 barycenter": 0.07683102041482925, "loss of the 2 barycenter": 174.6974639892578, "loss of inner problem": 562.1530151367188, "Images": {"_type": "image-file", "path": "media/images/Images_0_285ed140dada80573bc8.png", "sha256": "285ed140dada80573bc880ac73dcc12a4e4580b4260d8fbdd64db6e4cb0fa32b", "size": 3414001, "format": "png", "width": 1600, "height": 1800}, "_runtime": 75, "_timestamp": 1708276233, "_step": 0}