{"sq norm of generated latent by T0(x)": 994.3214111328125, "cost of the 0 barycenter": 594.4012451171875, "potential of the 0 barycenter": 0.0015627015382051468, "mmd_2 of the 0 barycenter": 0.15245860815048218, "mmd_1 of the 0 barycenter": -7.150018063839525e-05, "mmd_3 of the 0 barycenter": -0.06272900849580765, "mmd_sq of the 0 barycenter": 0.08965810388326645, "loss of the 0 barycenter": 148.60215759277344, "sq norm of generated latent by T1(x)": 1112.9805908203125, "cost of the 1 barycenter": 769.4815673828125, "potential of the 1 barycenter": -0.007973496802151203, "mmd_2 of the 1 barycenter": 0.15644767880439758, "mmd_1 of the 1 barycenter": -0.00013305223546922207, "mmd_3 of the 1 barycenter": -0.06303751468658447, "mmd_sq of the 1 barycenter": 0.09327711164951324, "loss of the 1 barycenter": 384.74945068359375, "sq norm of generated latent by T2(x)": 1019.2003784179688, "cost of the 2 barycenter": 735.2330322265625, "potential of the 2 barycenter": 0.014353031292557716, "mmd_2 of the 2 barycenter": 0.1521616280078888, "mmd_1 of the 2 barycenter": -0.00010611941979732364, "mmd_3 of the 2 barycenter": -0.062355246394872665, "mmd_sq of the 2 barycenter": 0.08970025181770325, "loss of the 2 barycenter": 183.80691528320312, "loss of inner problem": 717.1585693359375, "Images": {"_type": "image-file", "path": "media/images/Images_0_af7a5629db3d311fcec1.png", "sha256": "af7a5629db3d311fcec1fe82a46101804912388d82d495592b6b4f3f631ff810", "size": 3843353, "format": "png", "width": 1600, "height": 1800}, "_runtime": 1136, "_timestamp": 1708276081, "_step": 0}