{"Loss": -0.21960194408893585, "L2_UVP": 0.017307986854575574, "_runtime": 433, "_timestamp": 1709649645, "_step": 4975, "Pca": {"_type": "images/separated", "width": 3750, "height": 750, "format": "png", "count": 1}}